{
  "project_info": {
    "project_number": "1039067518705",
    "firebase_url": "https://final-project-2d35f-default-rtdb.firebaseio.com",
    "project_id": "final-project-2d35f",
    "storage_bucket": "final-project-2d35f.appspot.com"
  },
  "client": [
    {
      "client_info": {
        "mobilesdk_app_id": "1:1039067518705:android:6c808fbbf33387ddf8fb50",
        "android_client_info": {
          "package_name": "com.dvora.finalproject"
        }
      },
      "oauth_client": [
        {
          "client_id": "1039067518705-vmorjfqfbnducls6nfcnjg4s464l1ijp.apps.googleusercontent.com",
          "client_type": 3
        }
      ],
      "api_key": [
        {
          "current_key": "AIzaSyAqrJzFRfhmcldIZlHgI005BzozduerGK0"
        }
      ],
      "services": {
        "appinvite_service": {
          "other_platform_oauth_client": [
            {
              "client_id": "1039067518705-vmorjfqfbnducls6nfcnjg4s464l1ijp.apps.googleusercontent.com",
              "client_type": 3
            }
          ]
        }
      }
    }
  ],
  "configuration_version": "1"
}